Country,Amount,Boxes_Shipped,Revenue_Per_Box
Canada,7897.13,358,22.06
UK,16376.88,449,36.47
India,5599.68,264,21.21
New Zealand,2966.47,144,20.6
UK,6828.68,484,14.11
UK,2555.95,192,13.31
New Zealand,832.92,19,43.84
New Zealand,997.96,36,27.72
New Zealand,7754.36,466,16.64
India,5507.19,176,31.29
Australia,1119.66,87,12.87
USA,6853.59,384,17.85
USA,12147.98,254,47.83
New Zealand,923.46,79,11.69
Canada,442.07,24,18.42
Canada,3900.37,83,46.99
New Zealand,801.63,25,32.07
India,10101.78,251,40.25
Canada,6600.15,417,15.83
USA,5302.98,258,20.55
UK,6310.09,257,24.55
Canada,2369.18,211,11.23
UK,16418.97,358,45.86
New Zealand,10774.83,226,47.68
Australia,5958.48,162,36.78
USA,1194.96,74,16.15
Australia,314.68,18,17.48
Australia,1442.65,91,15.85
USA,2810.34,78,36.03
UK,1394.62,57,24.47
Australia,8143.6,213,38.23
UK,12885.94,340,37.9
Canada,16223.13,362,44.82
UK,8330.47,217,38.39
New Zealand,5384.2,290,18.57
India,19594.27,450,43.54
New Zealand,12213.24,266,45.91
UK,4242.56,357,11.88
Australia,13379.16,498,26.87
Australia,9353.99,246,38.02
New Zealand,5032.73,147,34.24
UK,3041.08,103,29.53
Canada,3258.73,150,21.72
USA,10452.26,242,43.19
USA,8642.86,298,29.0
India,2523.86,102,24.74
Canada,11599.9,324,35.8
New Zealand,15606.61,331,47.15
New Zealand,9583.51,312,30.72
New Zealand,10192.85,373,27.33
USA,21701.44,483,44.93
India,6496.58,366,17.75
New Zealand,16383.31,438,37.4
New Zealand,15834.45,361,43.86
UK,7501.02,489,15.34
UK,922.43,29,31.81
India,6141.45,213,28.83
New Zealand,1745.79,156,11.19
New Zealand,7268.2,198,36.71
UK,424.38,30,14.15
New Zealand,10711.79,331,32.36
USA,8154.9,248,32.88
New Zealand,5132.41,454,11.3
India,6538.2,264,24.77
USA,13625.75,406,33.56
Australia,3344.35,244,13.71
India,11456.29,325,35.25
India,8946.01,434,20.61
Australia,15120.74,360,42.0
Canada,9372.51,274,34.21
UK,4531.42,107,42.35
USA,16283.5,456,35.71
Canada,10108.84,402,25.15
UK,3801.03,202,18.82
USA,1308.08,51,25.65
Canada,13195.0,285,46.3
Australia,5223.33,152,34.36
Canada,6102.47,146,41.8
Australia,8416.43,237,35.51
Canada,8215.87,334,24.6
Canada,6936.38,322,21.54
New Zealand,2422.62,180,13.46
USA,17090.34,366,46.69
Canada,10497.39,324,32.4
UK,569.78,14,40.7
UK,4103.17,124,33.09
Australia,891.11,73,12.21
UK,14127.27,465,30.38
USA,5150.27,218,23.63
USA,146.7,13,11.28
New Zealand,3812.92,118,32.31
USA,9450.04,218,43.35
UK,6457.54,293,22.04
UK,7925.54,309,25.65
USA,16861.45,385,43.8
New Zealand,1650.87,72,22.93
Australia,19861.82,424,46.84
Canada,10647.12,234,45.5
Australia,1564.91,49,31.94
India,2126.3,89,23.89
India,2893.74,204,14.18
Australia,13434.96,283,47.47
India,8273.51,169,48.96
UK,4063.64,149,27.27
UK,6650.47,471,14.12
USA,4463.32,295,15.13
USA,16996.07,471,36.09
UK,4768.41,183,26.06
Australia,18046.13,401,45.0
USA,868.92,46,18.89
Australia,4759.75,96,49.58
USA,19576.41,402,48.7
USA,4824.94,235,20.53
Canada,5555.52,150,37.04
USA,6004.2,126,47.65
USA,12369.81,456,27.13
UK,861.89,29,29.72
Australia,6048.32,360,16.8
India,15051.5,418,36.01
UK,756.72,24,31.53
Canada,534.64,22,24.3
Canada,12424.63,360,34.51
India,15136.25,354,42.76
UK,580.35,31,18.72
India,5804.87,119,48.78
New Zealand,23152.04,487,47.54
Canada,6174.38,232,26.61
India,16619.54,425,39.1
New Zealand,3214.37,161,19.97
Australia,16037.03,475,33.76
USA,6455.88,299,21.59
New Zealand,20659.54,478,43.22
Canada,19030.11,434,43.85
India,5042.61,140,36.02
UK,15274.46,350,43.64
USA,13934.58,498,27.98
Australia,858.68,73,11.76
India,10382.3,390,26.62
USA,7825.06,499,15.68
Canada,329.0,16,20.56
Australia,7014.04,191,36.72
India,9390.28,433,21.69
New Zealand,3368.14,279,12.07
Australia,2200.4,152,14.48
New Zealand,381.6,23,16.59
USA,16452.13,440,37.39
India,7364.22,306,24.07
USA,11031.64,300,36.77
India,715.01,37,19.32
Canada,5699.19,197,28.93
India,7524.98,189,39.81
Australia,10002.88,253,39.54
New Zealand,3812.45,85,44.85
Australia,6717.5,354,18.98
Australia,8326.18,167,49.86
New Zealand,5177.5,120,43.15
India,12188.95,362,33.67
India,1225.41,80,15.32
UK,16191.56,422,38.37
New Zealand,10095.38,364,27.73
USA,8901.98,335,26.57
India,1761.2,138,12.76
UK,15189.5,308,49.32
USA,7077.02,189,37.44
Australia,16495.37,424,38.9
UK,6530.73,215,30.38
Australia,12915.63,388,33.29
Canada,16425.05,375,43.8
Australia,6775.0,352,19.25
Canada,4553.78,237,19.21
USA,20895.19,482,43.35
UK,14822.36,318,46.61
New Zealand,3428.81,225,15.24
USA,2925.47,224,13.06
Canada,19444.09,452,43.02
UK,8591.2,176,48.81
UK,2289.16,167,13.71
UK,6384.11,265,24.09
USA,2747.98,115,23.9
Australia,6324.87,296,21.37
USA,4592.38,155,29.63
UK,5016.53,164,30.59
USA,636.78,43,14.81
India,2948.69,189,15.6
Canada,19971.42,463,43.13
Australia,8218.19,439,18.72
Canada,4964.03,225,22.06
Australia,7881.92,253,31.15
India,15267.53,321,47.56
USA,16343.94,485,33.7
USA,10904.55,236,46.21
USA,3205.0,81,39.57
New Zealand,5771.22,140,41.22
Australia,3977.2,80,49.71
New Zealand,8919.5,363,24.57
UK,23284.44,499,46.66
Australia,4260.44,103,41.36
India,7570.61,159,47.61
Australia,18742.38,469,39.96
UK,8787.8,249,35.29
New Zealand,16253.66,423,38.42
India,10789.63,436,24.75
Canada,841.52,27,31.17
UK,5926.16,152,38.99
Australia,7066.65,221,31.98
New Zealand,11533.13,427,27.01
Australia,6390.52,146,43.77
USA,444.44,15,29.63
New Zealand,7220.46,171,42.22
Canada,3490.94,120,29.09
Canada,7408.06,168,44.1
Canada,4111.71,175,23.5
India,3823.54,269,14.21
Australia,4542.86,186,24.42
UK,527.39,11,47.94
USA,4013.93,124,32.37
Australia,593.94,38,15.63
UK,4318.42,175,24.68
USA,5293.89,144,36.76
USA,3165.41,181,17.49
USA,5212.22,224,23.27
UK,4320.88,211,20.48
UK,434.03,16,27.13
USA,15708.48,486,32.32
New Zealand,411.5,16,25.72
Australia,2124.81,101,21.04
Australia,984.79,32,30.77
New Zealand,13049.1,327,39.91
India,956.42,21,45.54
New Zealand,5712.21,337,16.95
India,6985.76,410,17.04
USA,10122.81,236,42.89
USA,4746.86,321,14.79
UK,365.6,18,20.31
New Zealand,9791.02,385,25.43
USA,6966.13,364,19.14
USA,14282.35,458,31.18
Canada,2735.77,73,37.48
Canada,5503.98,338,16.28
UK,10872.5,351,30.98
Australia,4158.5,286,14.54
Australia,23977.48,481,49.85
New Zealand,5031.06,161,31.25
Canada,7460.34,356,20.96
USA,6613.2,186,35.55
New Zealand,708.87,36,19.69
New Zealand,10445.39,306,34.14
Australia,5797.63,254,22.83
India,10473.97,441,23.75
Canada,1372.66,33,41.6
New Zealand,11414.54,333,34.28
India,631.36,41,15.4
Australia,6093.04,357,17.07
Australia,3335.93,270,12.36
USA,15130.24,384,39.4
Australia,3321.69,145,22.91
New Zealand,2336.36,119,19.63
USA,19443.77,420,46.29
Canada,4534.5,161,28.16
UK,1027.1,69,14.89
India,2883.0,66,43.68
New Zealand,2593.64,66,39.3
UK,5802.73,433,13.4
Australia,11992.11,257,46.66
USA,352.92,30,11.76
New Zealand,7024.11,190,36.97
New Zealand,2884.52,118,24.45
USA,5022.76,154,32.62
New Zealand,5250.58,299,17.56
USA,2584.15,108,23.93
USA,8581.27,190,45.16
New Zealand,559.73,12,46.64
India,12905.06,498,25.91
USA,13509.42,296,45.64
India,3116.98,148,21.06
USA,1123.46,56,20.06
USA,18188.8,495,36.75
USA,8484.94,317,26.77
New Zealand,6693.75,476,14.06
New Zealand,9682.74,394,24.58
Australia,3241.7,232,13.97
India,10885.26,233,46.72
USA,4934.32,194,25.43
New Zealand,21726.67,436,49.83
New Zealand,5873.54,355,16.55
Canada,9561.31,268,35.68
Australia,3463.01,74,46.8
USA,136.05,11,12.37
Australia,3525.11,215,16.4
Australia,4819.15,332,14.52
Canada,5661.96,136,41.63
Australia,980.84,39,25.15
Australia,1430.77,38,37.65
India,1178.22,40,29.46
New Zealand,9645.48,286,33.73
New Zealand,3703.09,141,26.26
New Zealand,10465.99,393,26.63
India,11297.48,314,35.98
USA,9203.38,400,23.01
India,10092.43,239,42.23
New Zealand,2394.9,84,28.51
Australia,4157.41,264,15.75
Australia,3986.46,140,28.47
New Zealand,16045.86,477,33.64
New Zealand,5616.37,246,22.83
India,1741.42,42,41.46
Australia,4344.35,109,39.86
USA,8483.48,342,24.81
New Zealand,723.29,27,26.79
UK,4476.0,343,13.05
New Zealand,13449.54,299,44.98
New Zealand,13220.1,305,43.34
Australia,16987.7,411,41.33
Australia,9085.51,237,38.34
USA,11544.08,423,27.29
USA,12587.78,297,42.38
Canada,12202.64,321,38.01
UK,6319.71,366,17.27
New Zealand,16902.63,472,35.81
India,5408.77,412,13.13
New Zealand,11725.2,314,37.34
Canada,9669.71,376,25.72
New Zealand,2875.15,201,14.3
India,14214.55,447,31.8
India,1195.52,29,41.22
Australia,16375.54,491,33.35
New Zealand,8190.32,240,34.13
New Zealand,19125.15,488,39.19
Australia,585.65,20,29.28
UK,20317.26,485,41.89
New Zealand,9887.34,320,30.9
Canada,8194.42,276,29.69
Australia,7471.71,491,15.22
UK,7060.26,142,49.72
UK,13053.64,282,46.29
USA,8399.02,181,46.4
UK,7990.6,199,40.15
Australia,11098.01,225,49.32
Australia,19951.07,426,46.83
Australia,119.82,10,11.98
USA,12551.57,377,33.29
USA,7718.1,265,29.12
New Zealand,6264.79,163,38.43
Australia,1617.05,69,23.44
India,2630.52,64,41.1
USA,5024.53,251,20.02
Canada,19586.58,451,43.43
Canada,1905.06,40,47.63
India,5032.22,474,10.62
UK,7678.26,236,32.53
UK,20181.0,409,49.34
Canada,8709.22,178,48.93
UK,18763.82,444,42.26
Australia,11343.37,269,42.17
UK,4905.1,248,19.78
USA,10071.75,204,49.37
Canada,5025.69,133,37.79
New Zealand,1274.86,81,15.74
USA,2848.07,193,14.76
Australia,5431.35,152,35.73
UK,23090.87,482,47.91
Australia,13289.99,273,48.68
Canada,14114.16,422,33.45
Australia,3064.72,251,12.21
UK,13987.08,372,37.6
UK,17890.38,457,39.15
UK,11345.7,487,23.3
USA,3795.64,206,18.43
USA,1004.71,21,47.84
Australia,5575.62,371,15.03
New Zealand,12563.44,420,29.91
USA,4983.24,143,34.85
New Zealand,782.09,19,41.16
UK,17614.9,386,45.63
